{"cameraMode":{"drawMode":0,"name":"Shaded","section":"Shading Mode"},"sceneLighting":true,"audioPlay":false,"sceneViewState":{"showFog":true,"showMaterialUpdate":false,"showSkybox":true,"showFlares":true,"showImageEffects":true,"showParticleSystems":true},"in2DMode":false,"pivot":{"x":297.5437316894531,"y":499.8016357421875,"z":14.751886367797852},"rotation":{"x":0.24237903952598573,"y":-0.004360415507107973,"z":0.0011262963525950909,"w":0.9702125787734985},"size":835.3858032226563,"orthographic":false}