{"cameraMode":{"drawMode":0,"name":"Shaded","section":"Shading Mode"},"sceneLighting":false,"audioPlay":false,"sceneViewState":{"showFog":true,"showMaterialUpdate":false,"showSkybox":true,"showFlares":true,"showImageEffects":true,"showParticleSystems":true},"in2DMode":false,"pivot":{"x":0.009999990463256836,"y":-0.010000030510127545,"z":0.0},"rotation":{"x":0.6980928778648377,"y":-0.010742339305579663,"z":0.010476984083652497,"w":0.715892493724823},"size":2.3371832370758058,"orthographic":false}